results/graph_id,results/input_stats/vertices,results/input_stats/edges,results/prim/mst_edges/0/from,results/prim/mst_edges/0/to,results/prim/mst_edges/0/weight,results/prim/mst_edges/1/from,results/prim/mst_edges/1/to,results/prim/mst_edges/1/weight,results/prim/mst_edges/2/from,results/prim/mst_edges/2/to,results/prim/mst_edges/2/weight,results/prim/mst_edges/3/from,results/prim/mst_edges/3/to,results/prim/mst_edges/3/weight,results/prim/mst_edges/4/from,results/prim/mst_edges/4/to,results/prim/mst_edges/4/weight,results/prim/mst_edges/5/from,results/prim/mst_edges/5/to,results/prim/mst_edges/5/weight,results/prim/mst_edges/6/from,results/prim/mst_edges/6/to,results/prim/mst_edges/6/weight,results/prim/mst_edges/7/from,results/prim/mst_edges/7/to,results/prim/mst_edges/7/weight,results/prim/mst_edges/8/from,results/prim/mst_edges/8/to,results/prim/mst_edges/8/weight,results/prim/mst_edges/9/from,results/prim/mst_edges/9/to,results/prim/mst_edges/9/weight,results/prim/mst_edges/10/from,results/prim/mst_edges/10/to,results/prim/mst_edges/10/weight,results/prim/mst_edges/11/from,results/prim/mst_edges/11/to,results/prim/mst_edges/11/weight,results/prim/mst_edges/12/from,results/prim/mst_edges/12/to,results/prim/mst_edges/12/weight,results/prim/mst_edges/13/from,results/prim/mst_edges/13/to,results/prim/mst_edges/13/weight,results/prim/mst_edges/14/from,results/prim/mst_edges/14/to,results/prim/mst_edges/14/weight,results/prim/mst_edges/15/from,results/prim/mst_edges/15/to,results/prim/mst_edges/15/weight,results/prim/mst_edges/16/from,results/prim/mst_edges/16/to,results/prim/mst_edges/16/weight,results/prim/mst_edges/17/from,results/prim/mst_edges/17/to,results/prim/mst_edges/17/weight,results/prim/mst_edges/18/from,results/prim/mst_edges/18/to,results/prim/mst_edges/18/weight,results/prim/mst_edges/19/from,results/prim/mst_edges/19/to,results/prim/mst_edges/19/weight,results/prim/mst_edges/20/from,results/prim/mst_edges/20/to,results/prim/mst_edges/20/weight,results/prim/mst_edges/21/from,results/prim/mst_edges/21/to,results/prim/mst_edges/21/weight,results/prim/mst_edges/22/from,results/prim/mst_edges/22/to,results/prim/mst_edges/22/weight,results/prim/mst_edges/23/from,results/prim/mst_edges/23/to,results/prim/mst_edges/23/weight,results/prim/mst_edges/24/from,results/prim/mst_edges/24/to,results/prim/mst_edges/24/weight,results/prim/mst_edges/25/from,results/prim/mst_edges/25/to,results/prim/mst_edges/25/weight,results/prim/mst_edges/26/from,results/prim/mst_edges/26/to,results/prim/mst_edges/26/weight,results/prim/mst_edges/27/from,results/prim/mst_edges/27/to,results/prim/mst_edges/27/weight,results/prim/mst_edges/28/from,results/prim/mst_edges/28/to,results/prim/mst_edges/28/weight,results/prim/mst_edges/29/from,results/prim/mst_edges/29/to,results/prim/mst_edges/29/weight,results/prim/mst_edges/30/from,results/prim/mst_edges/30/to,results/prim/mst_edges/30/weight,results/prim/mst_edges/31/from,results/prim/mst_edges/31/to,results/prim/mst_edges/31/weight,results/prim/mst_edges/32/from,results/prim/mst_edges/32/to,results/prim/mst_edges/32/weight,results/prim/mst_edges/33/from,results/prim/mst_edges/33/to,results/prim/mst_edges/33/weight,results/prim/mst_edges/34/from,results/prim/mst_edges/34/to,results/prim/mst_edges/34/weight,results/prim/mst_edges/35/from,results/prim/mst_edges/35/to,results/prim/mst_edges/35/weight,results/prim/mst_edges/36/from,results/prim/mst_edges/36/to,results/prim/mst_edges/36/weight,results/prim/mst_edges/37/from,results/prim/mst_edges/37/to,results/prim/mst_edges/37/weight,results/prim/mst_edges/38/from,results/prim/mst_edges/38/to,results/prim/mst_edges/38/weight,results/prim/mst_edges/39/from,results/prim/mst_edges/39/to,results/prim/mst_edges/39/weight,results/prim/mst_edges/40/from,results/prim/mst_edges/40/to,results/prim/mst_edges/40/weight,results/prim/mst_edges/41/from,results/prim/mst_edges/41/to,results/prim/mst_edges/41/weight,results/prim/mst_edges/42/from,results/prim/mst_edges/42/to,results/prim/mst_edges/42/weight,results/prim/mst_edges/43/from,results/prim/mst_edges/43/to,results/prim/mst_edges/43/weight,results/prim/mst_edges/44/from,results/prim/mst_edges/44/to,results/prim/mst_edges/44/weight,results/prim/mst_edges/45/from,results/prim/mst_edges/45/to,results/prim/mst_edges/45/weight,results/prim/mst_edges/46/from,results/prim/mst_edges/46/to,results/prim/mst_edges/46/weight,results/prim/mst_edges/47/from,results/prim/mst_edges/47/to,results/prim/mst_edges/47/weight,results/prim/mst_edges/48/from,results/prim/mst_edges/48/to,results/prim/mst_edges/48/weight,results/prim/mst_edges/49/from,results/prim/mst_edges/49/to,results/prim/mst_edges/49/weight,results/prim/mst_edges/50/from,results/prim/mst_edges/50/to,results/prim/mst_edges/50/weight,results/prim/mst_edges/51/from,results/prim/mst_edges/51/to,results/prim/mst_edges/51/weight,results/prim/mst_edges/52/from,results/prim/mst_edges/52/to,results/prim/mst_edges/52/weight,results/prim/mst_edges/53/from,results/prim/mst_edges/53/to,results/prim/mst_edges/53/weight,results/prim/mst_edges/54/from,results/prim/mst_edges/54/to,results/prim/mst_edges/54/weight,results/prim/mst_edges/55/from,results/prim/mst_edges/55/to,results/prim/mst_edges/55/weight,results/prim/mst_edges/56/from,results/prim/mst_edges/56/to,results/prim/mst_edges/56/weight,results/prim/mst_edges/57/from,results/prim/mst_edges/57/to,results/prim/mst_edges/57/weight,results/prim/mst_edges/58/from,results/prim/mst_edges/58/to,results/prim/mst_edges/58/weight,results/prim/mst_edges/59/from,results/prim/mst_edges/59/to,results/prim/mst_edges/59/weight,results/prim/mst_edges/60/from,results/prim/mst_edges/60/to,results/prim/mst_edges/60/weight,results/prim/mst_edges/61/from,results/prim/mst_edges/61/to,results/prim/mst_edges/61/weight,results/prim/mst_edges/62/from,results/prim/mst_edges/62/to,results/prim/mst_edges/62/weight,results/prim/mst_edges/63/from,results/prim/mst_edges/63/to,results/prim/mst_edges/63/weight,results/prim/mst_edges/64/from,results/prim/mst_edges/64/to,results/prim/mst_edges/64/weight,results/prim/mst_edges/65/from,results/prim/mst_edges/65/to,results/prim/mst_edges/65/weight,results/prim/mst_edges/66/from,results/prim/mst_edges/66/to,results/prim/mst_edges/66/weight,results/prim/mst_edges/67/from,results/prim/mst_edges/67/to,results/prim/mst_edges/67/weight,results/prim/mst_edges/68/from,results/prim/mst_edges/68/to,results/prim/mst_edges/68/weight,results/prim/mst_edges/69/from,results/prim/mst_edges/69/to,results/prim/mst_edges/69/weight,results/prim/mst_edges/70/from,results/prim/mst_edges/70/to,results/prim/mst_edges/70/weight,results/prim/mst_edges/71/from,results/prim/mst_edges/71/to,results/prim/mst_edges/71/weight,results/prim/mst_edges/72/from,results/prim/mst_edges/72/to,results/prim/mst_edges/72/weight,results/prim/mst_edges/73/from,results/prim/mst_edges/73/to,results/prim/mst_edges/73/weight,results/prim/total_cost,results/prim/operations_count,results/prim/execution_time_ms,results/kruskal/mst_edges/0/from,results/kruskal/mst_edges/0/to,results/kruskal/mst_edges/0/weight,results/kruskal/mst_edges/1/from,results/kruskal/mst_edges/1/to,results/kruskal/mst_edges/1/weight,results/kruskal/mst_edges/2/from,results/kruskal/mst_edges/2/to,results/kruskal/mst_edges/2/weight,results/kruskal/mst_edges/3/from,results/kruskal/mst_edges/3/to,results/kruskal/mst_edges/3/weight,results/kruskal/mst_edges/4/from,results/kruskal/mst_edges/4/to,results/kruskal/mst_edges/4/weight,results/kruskal/mst_edges/5/from,results/kruskal/mst_edges/5/to,results/kruskal/mst_edges/5/weight,results/kruskal/mst_edges/6/from,results/kruskal/mst_edges/6/to,results/kruskal/mst_edges/6/weight,results/kruskal/mst_edges/7/from,results/kruskal/mst_edges/7/to,results/kruskal/mst_edges/7/weight,results/kruskal/mst_edges/8/from,results/kruskal/mst_edges/8/to,results/kruskal/mst_edges/8/weight,results/kruskal/mst_edges/9/from,results/kruskal/mst_edges/9/to,results/kruskal/mst_edges/9/weight,results/kruskal/mst_edges/10/from,results/kruskal/mst_edges/10/to,results/kruskal/mst_edges/10/weight,results/kruskal/mst_edges/11/from,results/kruskal/mst_edges/11/to,results/kruskal/mst_edges/11/weight,results/kruskal/mst_edges/12/from,results/kruskal/mst_edges/12/to,results/kruskal/mst_edges/12/weight,results/kruskal/mst_edges/13/from,results/kruskal/mst_edges/13/to,results/kruskal/mst_edges/13/weight,results/kruskal/mst_edges/14/from,results/kruskal/mst_edges/14/to,results/kruskal/mst_edges/14/weight,results/kruskal/mst_edges/15/from,results/kruskal/mst_edges/15/to,results/kruskal/mst_edges/15/weight,results/kruskal/mst_edges/16/from,results/kruskal/mst_edges/16/to,results/kruskal/mst_edges/16/weight,results/kruskal/mst_edges/17/from,results/kruskal/mst_edges/17/to,results/kruskal/mst_edges/17/weight,results/kruskal/mst_edges/18/from,results/kruskal/mst_edges/18/to,results/kruskal/mst_edges/18/weight,results/kruskal/mst_edges/19/from,results/kruskal/mst_edges/19/to,results/kruskal/mst_edges/19/weight,results/kruskal/mst_edges/20/from,results/kruskal/mst_edges/20/to,results/kruskal/mst_edges/20/weight,results/kruskal/mst_edges/21/from,results/kruskal/mst_edges/21/to,results/kruskal/mst_edges/21/weight,results/kruskal/mst_edges/22/from,results/kruskal/mst_edges/22/to,results/kruskal/mst_edges/22/weight,results/kruskal/mst_edges/23/from,results/kruskal/mst_edges/23/to,results/kruskal/mst_edges/23/weight,results/kruskal/mst_edges/24/from,results/kruskal/mst_edges/24/to,results/kruskal/mst_edges/24/weight,results/kruskal/mst_edges/25/from,results/kruskal/mst_edges/25/to,results/kruskal/mst_edges/25/weight,results/kruskal/mst_edges/26/from,results/kruskal/mst_edges/26/to,results/kruskal/mst_edges/26/weight,results/kruskal/mst_edges/27/from,results/kruskal/mst_edges/27/to,results/kruskal/mst_edges/27/weight,results/kruskal/mst_edges/28/from,results/kruskal/mst_edges/28/to,results/kruskal/mst_edges/28/weight,results/kruskal/mst_edges/29/from,results/kruskal/mst_edges/29/to,results/kruskal/mst_edges/29/weight,results/kruskal/mst_edges/30/from,results/kruskal/mst_edges/30/to,results/kruskal/mst_edges/30/weight,results/kruskal/mst_edges/31/from,results/kruskal/mst_edges/31/to,results/kruskal/mst_edges/31/weight,results/kruskal/mst_edges/32/from,results/kruskal/mst_edges/32/to,results/kruskal/mst_edges/32/weight,results/kruskal/mst_edges/33/from,results/kruskal/mst_edges/33/to,results/kruskal/mst_edges/33/weight,results/kruskal/mst_edges/34/from,results/kruskal/mst_edges/34/to,results/kruskal/mst_edges/34/weight,results/kruskal/mst_edges/35/from,results/kruskal/mst_edges/35/to,results/kruskal/mst_edges/35/weight,results/kruskal/mst_edges/36/from,results/kruskal/mst_edges/36/to,results/kruskal/mst_edges/36/weight,results/kruskal/mst_edges/37/from,results/kruskal/mst_edges/37/to,results/kruskal/mst_edges/37/weight,results/kruskal/mst_edges/38/from,results/kruskal/mst_edges/38/to,results/kruskal/mst_edges/38/weight,results/kruskal/mst_edges/39/from,results/kruskal/mst_edges/39/to,results/kruskal/mst_edges/39/weight,results/kruskal/mst_edges/40/from,results/kruskal/mst_edges/40/to,results/kruskal/mst_edges/40/weight,results/kruskal/mst_edges/41/from,results/kruskal/mst_edges/41/to,results/kruskal/mst_edges/41/weight,results/kruskal/mst_edges/42/from,results/kruskal/mst_edges/42/to,results/kruskal/mst_edges/42/weight,results/kruskal/mst_edges/43/from,results/kruskal/mst_edges/43/to,results/kruskal/mst_edges/43/weight,results/kruskal/mst_edges/44/from,results/kruskal/mst_edges/44/to,results/kruskal/mst_edges/44/weight,results/kruskal/mst_edges/45/from,results/kruskal/mst_edges/45/to,results/kruskal/mst_edges/45/weight,results/kruskal/mst_edges/46/from,results/kruskal/mst_edges/46/to,results/kruskal/mst_edges/46/weight,results/kruskal/mst_edges/47/from,results/kruskal/mst_edges/47/to,results/kruskal/mst_edges/47/weight,results/kruskal/mst_edges/48/from,results/kruskal/mst_edges/48/to,results/kruskal/mst_edges/48/weight,results/kruskal/mst_edges/49/from,results/kruskal/mst_edges/49/to,results/kruskal/mst_edges/49/weight,results/kruskal/mst_edges/50/from,results/kruskal/mst_edges/50/to,results/kruskal/mst_edges/50/weight,results/kruskal/mst_edges/51/from,results/kruskal/mst_edges/51/to,results/kruskal/mst_edges/51/weight,results/kruskal/mst_edges/52/from,results/kruskal/mst_edges/52/to,results/kruskal/mst_edges/52/weight,results/kruskal/mst_edges/53/from,results/kruskal/mst_edges/53/to,results/kruskal/mst_edges/53/weight,results/kruskal/mst_edges/54/from,results/kruskal/mst_edges/54/to,results/kruskal/mst_edges/54/weight,results/kruskal/mst_edges/55/from,results/kruskal/mst_edges/55/to,results/kruskal/mst_edges/55/weight,results/kruskal/mst_edges/56/from,results/kruskal/mst_edges/56/to,results/kruskal/mst_edges/56/weight,results/kruskal/mst_edges/57/from,results/kruskal/mst_edges/57/to,results/kruskal/mst_edges/57/weight,results/kruskal/mst_edges/58/from,results/kruskal/mst_edges/58/to,results/kruskal/mst_edges/58/weight,results/kruskal/mst_edges/59/from,results/kruskal/mst_edges/59/to,results/kruskal/mst_edges/59/weight,results/kruskal/mst_edges/60/from,results/kruskal/mst_edges/60/to,results/kruskal/mst_edges/60/weight,results/kruskal/mst_edges/61/from,results/kruskal/mst_edges/61/to,results/kruskal/mst_edges/61/weight,results/kruskal/mst_edges/62/from,results/kruskal/mst_edges/62/to,results/kruskal/mst_edges/62/weight,results/kruskal/mst_edges/63/from,results/kruskal/mst_edges/63/to,results/kruskal/mst_edges/63/weight,results/kruskal/mst_edges/64/from,results/kruskal/mst_edges/64/to,results/kruskal/mst_edges/64/weight,results/kruskal/mst_edges/65/from,results/kruskal/mst_edges/65/to,results/kruskal/mst_edges/65/weight,results/kruskal/mst_edges/66/from,results/kruskal/mst_edges/66/to,results/kruskal/mst_edges/66/weight,results/kruskal/mst_edges/67/from,results/kruskal/mst_edges/67/to,results/kruskal/mst_edges/67/weight,results/kruskal/mst_edges/68/from,results/kruskal/mst_edges/68/to,results/kruskal/mst_edges/68/weight,results/kruskal/mst_edges/69/from,results/kruskal/mst_edges/69/to,results/kruskal/mst_edges/69/weight,results/kruskal/mst_edges/70/from,results/kruskal/mst_edges/70/to,results/kruskal/mst_edges/70/weight,results/kruskal/mst_edges/71/from,results/kruskal/mst_edges/71/to,results/kruskal/mst_edges/71/weight,results/kruskal/mst_edges/72/from,results/kruskal/mst_edges/72/to,results/kruskal/mst_edges/72/weight,results/kruskal/mst_edges/73/from,results/kruskal/mst_edges/73/to,results/kruskal/mst_edges/73/weight,results/kruskal/total_cost,results/kruskal/operations_count,results/kruskal/execution_time_ms,results/prim/mst_edges/74/from,results/prim/mst_edges/74/to,results/prim/mst_edges/74/weight,results/prim/mst_edges/75/from,results/prim/mst_edges/75/to,results/prim/mst_edges/75/weight,results/prim/mst_edges/76/from,results/prim/mst_edges/76/to,results/prim/mst_edges/76/weight,results/prim/mst_edges/77/from,results/prim/mst_edges/77/to,results/prim/mst_edges/77/weight,results/prim/mst_edges/78/from,results/prim/mst_edges/78/to,results/prim/mst_edges/78/weight,results/prim/mst_edges/79/from,results/prim/mst_edges/79/to,results/prim/mst_edges/79/weight,results/prim/mst_edges/80/from,results/prim/mst_edges/80/to,results/prim/mst_edges/80/weight,results/prim/mst_edges/81/from,results/prim/mst_edges/81/to,results/prim/mst_edges/81/weight,results/prim/mst_edges/82/from,results/prim/mst_edges/82/to,results/prim/mst_edges/82/weight,results/prim/mst_edges/83/from,results/prim/mst_edges/83/to,results/prim/mst_edges/83/weight,results/prim/mst_edges/84/from,results/prim/mst_edges/84/to,results/prim/mst_edges/84/weight,results/prim/mst_edges/85/from,results/prim/mst_edges/85/to,results/prim/mst_edges/85/weight,results/prim/mst_edges/86/from,results/prim/mst_edges/86/to,results/prim/mst_edges/86/weight,results/prim/mst_edges/87/from,results/prim/mst_edges/87/to,results/prim/mst_edges/87/weight,results/prim/mst_edges/88/from,results/prim/mst_edges/88/to,results/prim/mst_edges/88/weight,results/prim/mst_edges/89/from,results/prim/mst_edges/89/to,results/prim/mst_edges/89/weight,results/prim/mst_edges/90/from,results/prim/mst_edges/90/to,results/prim/mst_edges/90/weight,results/prim/mst_edges/91/from,results/prim/mst_edges/91/to,results/prim/mst_edges/91/weight,results/kruskal/mst_edges/74/from,results/kruskal/mst_edges/74/to,results/kruskal/mst_edges/74/weight,results/kruskal/mst_edges/75/from,results/kruskal/mst_edges/75/to,results/kruskal/mst_edges/75/weight,results/kruskal/mst_edges/76/from,results/kruskal/mst_edges/76/to,results/kruskal/mst_edges/76/weight,results/kruskal/mst_edges/77/from,results/kruskal/mst_edges/77/to,results/kruskal/mst_edges/77/weight,results/kruskal/mst_edges/78/from,results/kruskal/mst_edges/78/to,results/kruskal/mst_edges/78/weight,results/kruskal/mst_edges/79/from,results/kruskal/mst_edges/79/to,results/kruskal/mst_edges/79/weight,results/kruskal/mst_edges/80/from,results/kruskal/mst_edges/80/to,results/kruskal/mst_edges/80/weight,results/kruskal/mst_edges/81/from,results/kruskal/mst_edges/81/to,results/kruskal/mst_edges/81/weight,results/kruskal/mst_edges/82/from,results/kruskal/mst_edges/82/to,results/kruskal/mst_edges/82/weight,results/kruskal/mst_edges/83/from,results/kruskal/mst_edges/83/to,results/kruskal/mst_edges/83/weight,results/kruskal/mst_edges/84/from,results/kruskal/mst_edges/84/to,results/kruskal/mst_edges/84/weight,results/kruskal/mst_edges/85/from,results/kruskal/mst_edges/85/to,results/kruskal/mst_edges/85/weight,results/kruskal/mst_edges/86/from,results/kruskal/mst_edges/86/to,results/kruskal/mst_edges/86/weight,results/kruskal/mst_edges/87/from,results/kruskal/mst_edges/87/to,results/kruskal/mst_edges/87/weight,results/kruskal/mst_edges/88/from,results/kruskal/mst_edges/88/to,results/kruskal/mst_edges/88/weight,results/kruskal/mst_edges/89/from,results/kruskal/mst_edges/89/to,results/kruskal/mst_edges/89/weight,results/kruskal/mst_edges/90/from,results/kruskal/mst_edges/90/to,results/kruskal/mst_edges/90/weight,results/kruskal/mst_edges/91/from,results/kruskal/mst_edges/91/to,results/kruskal/mst_edges/91/weight
1,75,1121,C,J,100,J,N52,100,N33,Q,100,N26,V,100,N36,N57,101,N56,N60,101,N54,U,101,E,T,102,M,N67,102,L,N49,103,N27,N28,103,N50,N57,103,F,N44,104,N,N61,104,D,N,105,J,N48,105,N46,N63,105,J,N67,106,N44,N48,106,B,N71,107,K,N57,107,N28,N57,107,N32,N64,107,N38,N70,107,N45,N54,107,M,N69,108,N34,N54,108,N39,N73,108,N,X,109,N55,N72,109,N42,P,109,N53,Z,109,C,N68,110,J,N,110,P,R,110,E,N62,111,F,N63,111,J,U,111,N60,P,111,N46,N64,112,C,R,113,N28,N73,113,N62,N66,113,N72,N73,113,M,N53,114,N27,N66,114,N30,N33,114,N38,N68,115,N47,N48,115,N53,N65,115,V,Y,115,F,N35,116,N,N43,117,N63,N74,117,N73,S,117,N33,N58,118,N38,N39,118,N41,N67,118,C,Q,119,H,N36,120,H,N31,121,C,N49,122,N49,N51,122,N31,O,124,N34,W,127,A,B,130,A,N36,131,G,X,133,N37,N42,133,Q,V,138,N,N40,141,N29,N52,141,I,L,144,N26,N59,146,8406,145,10.62,C,J,100,J,N52,100,N33,Q,100,N26,V,100,N36,N57,101,N56,N60,101,N54,U,101,E,T,102,M,N67,102,L,N49,103,N27,N28,103,N50,N57,103,F,N44,104,N,N61,104,D,N,105,J,N48,105,N46,N63,105,J,N67,106,N44,N48,106,B,N71,107,K,N57,107,N28,N57,107,N32,N64,107,N38,N70,107,N45,N54,107,M,N69,108,N34,N54,108,N39,N73,108,N,X,109,N55,N72,109,N42,P,109,N53,Z,109,C,N68,110,J,N,110,P,R,110,E,N62,111,F,N63,111,J,U,111,N60,P,111,N46,N64,112,C,R,113,N28,N73,113,N62,N66,113,N72,N73,113,M,N53,114,N27,N66,114,N30,N33,114,N38,N68,115,N47,N48,115,N53,N65,115,V,Y,115,F,N35,116,N,N43,117,N63,N74,117,N73,S,117,J,S,118,N33,N58,118,N41,N67,118,C,Q,119,H,N36,120,H,N31,121,C,N49,122,N49,N51,122,N31,O,124,N34,W,127,A,B,130,A,N36,131,G,X,133,N37,N42,133,Q,V,138,N,N40,141,N29,N52,141,I,L,144,N26,N59,146,8406,8350,4.28,,,,,,,,,,,,,,,,,,,,,,,,,,,,,,,,,,,,,,,,,,,,,,,,,,,,,,,,,,,,,,,,,,,,,,,,,,,,,,,,,,,,,,,,,,,,,,,,,,,,,,,,,,,,
2,68,1007,C,N46,100,C,N51,100,N28,N35,100,N29,N41,100,N30,N31,100,N36,N37,100,N66,Q,100,N36,S,100,N30,W,100,N36,Y,100,G,Z,101,M,Q,101,N39,N46,101,N47,X,101,N29,Z,101,N41,N42,102,N31,U,102,N59,X,102,K,S,103,N39,N41,103,N50,N66,103,N49,V,103,F,N63,104,D,N47,105,N,N66,105,N29,N65,105,N39,N40,105,H,Y,106,I,N61,108,N54,N55,108,N46,P,108,C,I,109,C,N55,109,M,N49,109,B,T,110,H,J,110,N29,N48,110,N42,N64,110,N28,Y,111,L,X,112,M,N43,112,N37,N54,112,B,U,113,N45,N61,113,D,N54,116,K,N38,116,N33,X,116,A,P,117,H,N53,117,N44,V,117,E,O,119,F,N33,119,O,Y,119,N34,X,119,F,N67,120,N38,N60,120,N30,N64,121,N38,R,121,I,N52,122,N43,O,122,N27,Z,122,N26,N61,125,N32,N33,129,A,N62,133,N58,W,134,N57,X,139,F,N56,152,,,,,,,,,,,,,,,,,,,,,,7452,156,1.74,C,N46,100,C,N51,100,N28,N35,100,N29,N41,100,N30,N31,100,N36,N37,100,N66,Q,100,N36,S,100,N30,W,100,N36,Y,100,G,Z,101,M,Q,101,N39,N46,101,N47,X,101,N29,Z,101,N41,N42,102,N31,U,102,N59,X,102,K,S,103,N39,N41,103,N50,N66,103,N49,V,103,F,N63,104,D,N47,105,N,N66,105,N29,N65,105,N39,N40,105,H,Y,106,I,N61,108,N54,N55,108,N46,P,108,C,I,109,C,N55,109,M,N49,109,B,T,110,H,J,110,N29,N48,110,N42,N64,110,N28,Y,111,L,X,112,M,N43,112,N37,N54,112,B,U,113,N45,N61,113,D,N54,116,K,N38,116,N33,X,116,A,P,117,H,N53,117,N44,V,117,E,O,119,F,N33,119,O,Y,119,N34,X,119,F,N67,120,N38,N60,120,N30,N64,121,N38,R,121,I,N52,122,N43,O,122,N27,Z,122,N26,N61,125,N32,N33,129,A,N62,133,N58,W,134,N57,X,139,F,N56,152,,,,,,,,,,,,,,,,,,,,,,7452,6571,1.19,,,,,,,,,,,,,,,,,,,,,,,,,,,,,,,,,,,,,,,,,,,,,,,,,,,,,,,,,,,,,,,,,,,,,,,,,,,,,,,,,,,,,,,,,,,,,,,,,,,,,,,,,,,,
3,93,1732,N,N55,100,N49,N60,100,N57,N68,100,N58,N85,100,N39,P,100,Q,U,100,N47,W,100,I,N90,101,K,N92,101,N45,N89,101,N59,N89,101,N62,N69,101,N80,Q,101,N75,T,101,N38,V,101,J,N68,102,N27,N60,102,N28,N51,102,N48,N82,102,N68,N87,102,M,N32,103,N26,N78,103,N37,N70,103,N83,N90,103,N65,O,103,A,F,104,E,N81,104,N27,N79,104,N28,N76,104,N67,N70,104,N40,V,104,N35,W,105,M,N80,106,N46,N49,106,N56,V,106,N68,N78,107,R,V,107,I,N50,108,M,N55,108,N50,N77,108,N53,N87,108,P,R,108,N32,N57,109,D,N89,110,N33,N58,110,N42,N87,110,C,N53,111,D,N,111,E,N45,111,M,N56,111,N27,N36,111,N43,N60,111,N80,N83,111,N73,O,111,A,N46,112,L,N66,112,N26,N61,112,N38,N67,112,N66,N67,112,A,B,113,N27,N62,113,N27,N86,113,N55,N72,113,N73,N92,113,N75,N80,113,N31,N92,114,N39,N58,114,N44,N85,114,N67,N92,114,N68,N79,114,Q,S,114,B,N48,115,N29,N79,115,N47,N90,115,10228,185,2.35,N,N55,100,N49,N60,100,N57,N68,100,N58,N85,100,N39,P,100,Q,U,100,N47,W,100,I,N90,101,K,N92,101,N45,N89,101,N59,N89,101,N62,N69,101,N80,Q,101,N75,T,101,N38,V,101,J,N68,102,N27,N60,102,N28,N51,102,N48,N82,102,N68,N87,102,M,N32,103,N26,N78,103,N37,N70,103,N83,N90,103,N65,O,103,A,F,104,E,N81,104,N27,N79,104,N28,N76,104,N67,N70,104,N40,V,104,N35,W,105,M,N80,106,N46,N49,106,N56,V,106,N68,N78,107,R,V,107,I,N50,108,M,N55,108,N50,N77,108,N53,N87,108,P,R,108,N32,N57,109,D,N89,110,N33,N58,110,N42,N87,110,C,N53,111,D,N,111,E,N45,111,M,N56,111,N27,N36,111,N43,N60,111,N80,N83,111,N73,O,111,A,N46,112,L,N66,112,N26,N61,112,N38,N67,112,N66,N67,112,A,B,113,N27,N62,113,N27,N86,113,N55,N72,113,N73,N92,113,N75,N80,113,N31,N92,114,N32,N69,114,N39,N58,114,N44,N57,114,N67,N92,114,Q,S,114,B,N48,115,N29,N79,115,N47,N90,115,10228,12771,2.04,N56,X,115,N41,N81,116,H,N60,117,D,N71,118,N54,N91,121,N52,N53,122,N53,N54,122,N59,Y,122,E,N88,125,N42,N51,128,N34,N86,133,N74,N77,134,N30,N54,135,N27,Z,135,N35,N84,136,N63,Z,137,N64,N77,141,G,N43,143,N56,X,115,N41,N81,116,H,N60,117,D,N71,118,N54,N91,121,N52,N53,122,N53,N54,122,N59,Y,122,E,N88,125,N42,N51,128,N34,N86,133,N74,N77,134,N30,N54,135,N27,Z,135,N35,N84,136,N63,Z,137,N63,N64,141,G,N43,143
4,43,384,F,T,101,M,N37,101,G,Q,103,A,Z,107,H,N28,107,L,N26,109,N34,W,109,N39,N40,110,N38,O,110,F,H,111,J,N42,111,N32,N33,111,N32,T,111,B,N34,112,H,N29,112,I,Q,112,D,U,114,D,Y,116,N,N36,116,N28,Z,116,N35,N36,120,N38,P,120,G,N33,121,N,N38,121,N33,N35,121,L,N38,124,J,N32,125,L,S,125,N31,N32,125,C,N32,126,B,N39,127,I,N41,130,N30,N34,130,B,H,131,E,N26,132,M,W,134,V,Z,134,K,N35,136,N36,Y,140,N30,R,142,W,X,151,N27,N29,162,,,,,,,,,,,,,,,,,,,,,,,,,,,,,,,,,,,,,,,,,,,,,,,,,,,,,,,,,,,,,,,,,,,,,,,,,,,,,,,,,,,,,,,,,,,,,,,,,5076,61,0.52,F,T,101,M,N37,101,G,Q,103,A,Z,107,H,N28,107,L,N26,109,N34,W,109,N39,N40,110,N38,O,110,F,H,111,J,N42,111,N32,N33,111,N32,T,111,B,N34,112,H,N29,112,I,Q,112,D,U,114,D,Y,116,N,N36,116,N28,Z,116,N35,N36,120,N38,P,120,G,N33,121,N,N38,121,N33,N35,121,L,N38,124,J,N32,125,L,S,125,N31,N32,125,C,N32,126,B,N39,127,I,N41,130,N30,N34,130,B,H,131,E,N26,132,M,W,134,V,Z,134,K,N35,136,N36,Y,140,N30,R,142,W,X,151,N27,N29,162,,,,,,,,,,,,,,,,,,,,,,,,,,,,,,,,,,,,,,,,,,,,,,,,,,,,,,,,,,,,,,,,,,,,,,,,,,,,,,,,,,,,,,,,,,,,,,,,,5076,2145,0.29,,,,,,,,,,,,,,,,,,,,,,,,,,,,,,,,,,,,,,,,,,,,,,,,,,,,,,,,,,,,,,,,,,,,,,,,,,,,,,,,,,,,,,,,,,,,,,,,,,,,,,,,,,,,
5,88,1580,K,N46,100,N36,N61,100,N52,N74,100,N38,W,100,E,N81,101,N28,N42,101,N40,N63,101,K,N63,102,N35,N49,102,N73,N84,102,N80,N83,102,H,N32,103,N36,N85,103,N57,U,103,N53,W,103,A,N70,104,G,N82,104,K,N43,104,N85,V,104,A,N59,105,B,M,105,N47,N58,105,N80,N82,105,H,N76,108,N38,N39,108,N31,Q,108,I,N40,109,N,N31,109,N29,N82,109,N47,N54,109,N65,P,109,C,N32,110,E,N85,110,N40,Y,110,N50,N61,111,N60,N62,111,F,N72,112,N28,N87,112,J,N84,113,N30,N48,113,N47,N73,113,B,N83,114,N26,N49,114,N61,N77,114,B,N85,115,N28,N30,115,N44,N58,115,N55,N71,115,D,N84,116,N77,T,116,G,N64,117,N40,N49,117,N68,N69,117,N62,Z,117,N28,N31,118,N59,N63,118,N30,N76,120,N44,N69,120,N48,N79,120,N57,N65,120,F,N47,121,N28,N60,121,N38,N42,121,N28,N85,122,N49,N65,122,N27,N37,123,N29,N55,123,N72,N74,123,N72,N86,123,N84,P,123,F,G,124,N33,N52,124,N75,N85,124,N79,R,124,10073,306,1.72,K,N46,100,N36,N61,100,N52,N74,100,N38,W,100,E,N81,101,N28,N42,101,N40,N63,101,K,N63,102,N35,N49,102,N73,N84,102,N80,N83,102,H,N32,103,N36,N85,103,N57,U,103,N53,W,103,A,N70,104,G,N82,104,K,N43,104,N85,V,104,A,N59,105,B,M,105,N47,N58,105,N80,N82,105,H,N76,108,N38,N39,108,N31,Q,108,I,N40,109,N,N31,109,N29,N82,109,N47,N54,109,N65,P,109,C,N32,110,E,N85,110,N40,Y,110,N50,N61,111,N60,N62,111,F,N72,112,N28,N87,112,J,N84,113,N30,N48,113,N47,N73,113,B,N83,114,N26,N49,114,N61,N77,114,B,N85,115,N28,N30,115,N44,N58,115,N55,N71,115,D,N84,116,N77,T,116,G,N64,117,N40,N49,117,N68,N69,117,N62,Z,117,N28,N31,118,N59,N63,118,N30,N76,120,N44,N69,120,N48,N79,120,N57,N65,120,F,N47,121,N28,N60,121,N38,N42,121,N49,N65,122,N64,Z,122,N27,N37,123,N29,N55,123,N72,N74,123,N72,N86,123,N84,P,123,F,G,124,N33,N52,124,N75,N85,124,N79,R,124,10073,12059,1.49,T,X,124,F,N37,126,L,N36,131,N39,N41,132,N28,N51,133,N67,N79,134,N43,O,134,N32,N78,135,N66,V,136,N56,N85,138,Q,S,138,N45,N76,151,N34,N69,182,,,,,,,,,,,,,,,,T,X,124,F,N37,126,L,N36,131,N39,N41,132,N28,N51,133,N67,N79,134,N43,O,134,N32,N78,135,N66,V,136,N56,N85,138,Q,S,138,N45,N76,151,N34,N69,182,,,,,,,,,,,,,,,
6,48,483,K,L,100,A,U,101,Q,Z,101,D,Q,102,N27,N39,103,A,N32,104,C,N43,104,J,N27,106,J,Q,106,N44,O,106,M,Y,107,N34,R,107,N32,N39,108,N42,P,108,K,N27,109,I,N38,110,N34,N44,110,N35,P,110,N27,N30,111,I,N44,112,A,N36,113,I,N33,115,T,U,115,N28,N37,116,N37,V,118,N28,Z,118,G,P,120,N29,N30,121,K,O,122,F,N36,124,K,N46,127,N26,N40,127,S,T,127,M,N30,128,N39,N43,128,N39,N42,130,N26,O,130,V,W,130,W,X,130,H,N27,134,E,J,136,N44,N45,141,N31,R,143,I,N41,147,N,N32,149,N34,N47,149,B,N44,171,,,,,,,,,,,,,,,,,,,,,,,,,,,,,,,,,,,,,,,,,,,,,,,,,,,,,,,,,,,,,,,,,,,,,,,,,,,,,,,,,,5634,98,0.57,K,L,100,A,U,101,Q,Z,101,D,Q,102,N27,N39,103,A,N32,104,C,N43,104,J,N27,106,J,Q,106,N44,O,106,M,Y,107,N34,R,107,N32,N39,108,N42,P,108,K,N27,109,I,N38,110,N34,N44,110,N35,P,110,N27,N30,111,I,N44,112,A,N36,113,I,N33,115,T,U,115,N28,N37,116,N37,V,118,N28,Z,118,G,P,120,N29,N30,121,K,O,122,F,N36,124,K,N46,127,N26,N40,127,S,T,127,M,N30,128,N39,N43,128,N39,N42,130,N26,O,130,V,W,130,W,X,130,H,N27,134,E,J,136,N44,N45,141,N31,R,143,I,N41,147,N,N32,149,N34,N47,149,B,N44,171,,,,,,,,,,,,,,,,,,,,,,,,,,,,,,,,,,,,,,,,,,,,,,,,,,,,,,,,,,,,,,,,,,,,,,,,,,,,,,,,,,5634,3239,0.44,,,,,,,,,,,,,,,,,,,,,,,,,,,,,,,,,,,,,,,,,,,,,,,,,,,,,,,,,,,,,,,,,,,,,,,,,,,,,,,,,,,,,,,,,,,,,,,,,,,,,,,,,,,,
7,49,500,N35,N42,100,A,N41,101,I,N36,102,N31,N42,104,N37,N44,104,N34,N47,105,N39,W,105,N35,N38,106,N40,Y,106,D,N38,107,N40,X,108,B,W,109,N29,S,109,T,V,109,E,K,110,K,N28,110,N45,U,111,H,S,112,N27,N35,113,I,N39,115,L,N30,115,A,C,116,N30,N31,116,K,N39,117,D,Q,119,K,O,120,P,Q,120,K,P,121,A,N28,123,A,N44,123,N28,N40,123,N32,W,124,N33,N37,127,N43,N48,127,N26,N46,128,N29,N36,128,M,N39,129,N37,V,132,N27,N45,139,N35,N47,139,J,Q,140,W,Z,142,N31,N48,143,F,Q,151,G,N34,156,N46,W,157,N30,R,161,N,N48,204,,,,,,,,,,,,,,,,,,,,,,,,,,,,,,,,,,,,,,,,,,,,,,,,,,,,,,,,,,,,,,,,,,,,,,,,,,,,,,,5886,122,0.47,N35,N42,100,A,N41,101,I,N36,102,N31,N42,104,N37,N44,104,N34,N47,105,N39,W,105,N35,N38,106,N40,Y,106,D,N38,107,N40,X,108,B,W,109,N29,S,109,T,V,109,E,K,110,K,N28,110,N45,U,111,H,S,112,N27,N35,113,I,N39,115,L,N30,115,A,C,116,N30,N31,116,K,N39,117,D,Q,119,K,O,120,P,Q,120,K,P,121,A,N28,123,A,N44,123,N28,N40,123,N32,W,124,N33,N37,127,N43,N48,127,N26,N46,128,N29,N36,128,M,N39,129,N37,V,132,N27,N45,139,N35,N47,139,J,Q,140,W,Z,142,N31,N48,143,F,Q,151,G,N34,156,N46,W,157,N30,R,161,N,N48,204,,,,,,,,,,,,,,,,,,,,,,,,,,,,,,,,,,,,,,,,,,,,,,,,,,,,,,,,,,,,,,,,,,,,,,,,,,,,,,,5886,3411,0.35,,,,,,,,,,,,,,,,,,,,,,,,,,,,,,,,,,,,,,,,,,,,,,,,,,,,,,,,,,,,,,,,,,,,,,,,,,,,,,,,,,,,,,,,,,,,,,,,,,,,,,,,,,,,
8,81,1311,N26,N80,100,N28,N44,100,N42,N74,100,N51,N52,100,H,N44,101,I,N55,101,N51,N74,101,N54,N59,101,F,V,102,N33,X,102,N40,N44,103,N51,N62,103,D,N33,104,N28,N59,104,N44,N78,104,N45,N49,104,N45,N79,104,N28,N29,105,N32,N35,105,A,N73,106,E,G,106,G,N32,106,G,N62,106,H,U,106,N37,N53,106,N55,N59,106,J,N59,107,N42,N76,107,N41,V,107,B,L,108,D,N41,108,D,N46,108,N36,N57,108,N27,T,108,N69,V,108,N51,N67,109,N31,S,109,N68,U,109,N29,N74,110,N45,N55,110,N67,X,111,N52,N58,112,N47,Q,112,A,B,113,N26,N52,113,N66,N78,113,N27,N54,114,N64,N76,114,X,Y,114,N75,N80,115,N57,V,115,Y,Z,115,N,T,116,N53,N78,117,N66,S,117,N30,N39,119,N37,N56,119,N38,N45,120,F,Q,121,H,N73,121,C,N32,123,N30,N42,124,N33,N70,124,A,M,126,K,N30,127,N43,N44,127,N57,N61,127,N72,Q,128,N48,S,128,N37,N77,130,N47,O,131,P,Y,132,N35,N50,133,N34,P,134,9184,199,1.6,N26,N80,100,N28,N44,100,N42,N74,100,N51,N52,100,H,N44,101,I,N55,101,N51,N74,101,N54,N59,101,F,V,102,N33,X,102,N40,N44,103,N51,N62,103,D,N33,104,N28,N59,104,N44,N78,104,N45,N49,104,N45,N79,104,N28,N29,105,N32,N35,105,A,N73,106,E,G,106,G,N32,106,G,N62,106,H,U,106,N37,N53,106,N55,N59,106,J,N59,107,N42,N76,107,N41,V,107,B,L,108,D,N41,108,D,N46,108,N36,N57,108,N27,T,108,N69,V,108,N51,N67,109,N31,S,109,N68,U,109,N29,N74,110,N45,N55,110,N67,X,111,N52,N58,112,N47,Q,112,A,B,113,N26,N52,113,N66,N78,113,N27,N54,114,N64,N76,114,X,Y,114,N75,N80,115,N57,V,115,Y,Z,115,N,T,116,N53,N78,117,N66,S,117,N30,N39,119,N37,N56,119,N38,N45,120,F,Q,121,H,N73,121,C,N32,123,N30,N42,124,N33,N70,124,A,M,126,K,N30,127,N43,N44,127,N57,N61,127,N72,Q,128,N48,S,128,N37,N77,130,N47,O,131,P,Y,132,N35,N50,133,N34,P,134,9184,9857,0.73,N30,N60,135,N80,W,135,H,N71,143,N46,R,148,N43,N65,156,N62,N63,160,,,,,,,,,,,,,,,,,,,,,,,,,,,,,,,,,,,,,N30,N60,135,N80,W,135,H,N71,143,N46,R,148,N43,N65,156,N62,N63,160,,,,,,,,,,,,,,,,,,,,,,,,,,,,,,,,,,,,
9,52,566,A,N26,100,N34,N35,102,F,R,103,N30,N48,103,N31,N33,104,N44,N45,104,N44,N47,104,N30,Y,105,N31,S,107,N32,N44,109,N46,N47,109,N39,W,109,A,N27,110,E,S,110,N29,N38,112,N39,N50,112,N34,N39,114,N44,N49,114,C,P,115,N37,O,116,H,N43,117,I,N45,117,K,N35,117,N26,T,117,G,S,118,I,N34,118,N26,N32,118,R,S,121,N33,P,122,N31,W,123,H,L,124,J,N46,124,V,Z,124,J,O,125,B,V,126,L,N31,126,I,Q,128,N41,W,130,N38,T,131,T,X,131,N29,N40,132,D,G,134,B,N37,135,N30,N46,135,N42,S,137,T,U,141,I,N36,146,H,N,149,K,N28,153,M,X,159,N50,N51,170,,,,,,,,,,,,,,,,,,,,,,,,,,,,,,,,,,,,,,,,,,,,,,,,,,,,,,,,,,,,,,,,,,,,,,6210,96,0.55,A,N26,100,N34,N35,102,F,R,103,N30,N48,103,N31,N33,104,N44,N45,104,N44,N47,104,N30,Y,105,N31,S,107,N32,N44,109,N46,N47,109,N39,W,109,A,N27,110,E,S,110,N29,N38,112,N39,N50,112,N34,N39,114,N44,N49,114,C,P,115,N37,O,116,H,N43,117,I,N45,117,K,N35,117,N26,T,117,G,S,118,I,N34,118,N26,N32,118,R,S,121,N33,P,122,N31,W,123,H,L,124,J,N46,124,V,Z,124,J,O,125,B,V,126,L,N31,126,I,Q,128,N41,W,130,N38,T,131,T,X,131,N29,N40,132,D,G,134,B,N37,135,N30,N46,135,N42,S,137,T,U,141,I,N36,146,H,N,149,K,N28,153,M,X,159,N50,N51,170,,,,,,,,,,,,,,,,,,,,,,,,,,,,,,,,,,,,,,,,,,,,,,,,,,,,,,,,,,,,,,,,,,,,,,6210,3738,0.23,,,,,,,,,,,,,,,,,,,,,,,,,,,,,,,,,,,,,,,,,,,,,,,,,,,,,,,,,,,,,,,,,,,,,,,,,,,,,,,,,,,,,,,,,,,,,,,,,,,,,,,,,,,,
10,87,1567,I,N61,100,N49,N63,100,N72,N80,100,N33,Y,100,N35,N56,101,N48,N56,101,N69,N77,101,N72,Q,101,N69,S,101,A,C,102,J,N53,102,L,N30,102,N,N72,102,N44,N80,102,N39,V,102,N73,X,102,G,N51,103,N74,P,103,N78,Z,103,N36,N37,104,N38,N83,104,N42,N44,104,N61,N81,104,N59,Q,104,B,N27,105,C,N68,105,N40,N41,105,N53,N54,105,A,N71,106,N30,N56,106,N51,N64,106,N76,N83,106,N82,S,106,D,N42,107,N26,N53,107,N37,N66,107,N39,N40,107,N48,N83,107,N59,N79,107,N76,N77,107,N76,N79,107,G,N77,108,H,N76,108,N41,Q,108,N62,Q,108,N46,R,108,E,N57,109,N,N85,109,N33,N76,109,N47,N68,109,N67,N83,109,C,N58,110,I,Z,110,L,N43,110,N34,N43,110,N28,N72,111,E,N71,112,N82,Z,112,C,N50,113,C,N83,113,N52,N73,113,N55,N82,113,N66,N81,113,N70,N82,113,E,N86,114,K,N63,114,L,N27,114,N49,N71,114,N60,N86,114,N57,T,114,J,P,115,N39,N53,115,C,O,117,N31,N49,117,9503,292,2.13,I,N61,100,N49,N63,100,N72,N80,100,N33,Y,100,N35,N56,101,N48,N56,101,N69,N77,101,N72,Q,101,N69,S,101,A,C,102,J,N53,102,L,N30,102,N,N72,102,N44,N80,102,N39,V,102,N73,X,102,G,N51,103,N74,P,103,N78,Z,103,N36,N37,104,N38,N83,104,N42,N44,104,N61,N81,104,N59,Q,104,B,N27,105,C,N68,105,N40,N41,105,N53,N54,105,A,N71,106,N30,N56,106,N51,N64,106,N76,N83,106,N82,S,106,D,N42,107,N26,N53,107,N37,N66,107,N39,N40,107,N48,N83,107,N59,N79,107,N76,N77,107,N76,N79,107,G,N77,108,H,N76,108,N41,Q,108,N62,Q,108,N46,R,108,E,N57,109,N,N85,109,N33,N76,109,N47,N68,109,N67,N83,109,C,N58,110,I,Z,110,L,N43,110,N34,N43,110,N,N28,111,E,N71,112,N82,Z,112,C,N50,113,C,N83,113,N52,N73,113,N55,N82,113,N66,N81,113,N70,N82,113,E,N86,114,K,N63,114,L,N27,114,N49,N71,114,N60,N86,114,N57,T,114,J,P,115,N39,N53,115,C,O,117,N31,N49,117,9503,11925,0.91,N83,W,117,C,X,120,N37,N46,120,N32,O,120,M,N52,123,N35,N84,125,F,N36,128,N35,N65,129,N45,X,129,N29,Q,133,N31,N75,145,N55,U,174,,,,,,,,,,,,,,,,,,,N83,W,117,C,X,120,N37,N46,120,N32,O,120,M,N52,123,N35,N84,125,F,N36,128,N35,N65,129,N45,X,129,N29,Q,133,N31,N75,145,N55,U,174,,,,,,,,,,,,,,,,,,
